-- =====================================================
-- SEED DATA: MATIERES ET CLASSES
-- College-Lycée Excellence du Gabon
-- =====================================================

-- =====================================================
-- 5. MATIERES (15)
-- =====================================================

INSERT INTO subjects (id, name, code, category, coefficient, levels, establishment_id) VALUES
('44444444-0001-0001-0001-000000000001', 'Français', 'FR', 'litteraire', 4, ARRAY['6eme','5eme','4eme','3eme','2nde','1ere','tle'], 'a1b2c3d4-e5f6-7890-abcd-ef1234567890'),
('44444444-0001-0001-0001-000000000002', 'Mathématiques', 'MATH', 'scientifique', 4, ARRAY['6eme','5eme','4eme','3eme','2nde','1ere','tle'], 'a1b2c3d4-e5f6-7890-abcd-ef1234567890'),
('44444444-0001-0001-0001-000000000003', 'Anglais', 'ANG', 'litteraire', 3, ARRAY['6eme','5eme','4eme','3eme','2nde','1ere','tle'], 'a1b2c3d4-e5f6-7890-abcd-ef1234567890'),
('44444444-0001-0001-0001-000000000004', 'Sciences de la Vie et de la Terre', 'SVT', 'scientifique', 3, ARRAY['6eme','5eme','4eme','3eme','2nde','1ere','tle'], 'a1b2c3d4-e5f6-7890-abcd-ef1234567890'),
('44444444-0001-0001-0001-000000000005', 'Physique-Chimie', 'PC', 'scientifique', 3, ARRAY['6eme','5eme','4eme','3eme','2nde','1ere','tle'], 'a1b2c3d4-e5f6-7890-abcd-ef1234567890'),
('44444444-0001-0001-0001-000000000006', 'Histoire-Géographie', 'HG', 'litteraire', 3, ARRAY['6eme','5eme','4eme','3eme','2nde','1ere','tle'], 'a1b2c3d4-e5f6-7890-abcd-ef1234567890'),
('44444444-0001-0001-0001-000000000007', 'Philosophie', 'PHILO', 'litteraire', 4, ARRAY['1ere','tle'], 'a1b2c3d4-e5f6-7890-abcd-ef1234567890'),
('44444444-0001-0001-0001-000000000008', 'Espagnol', 'ESP', 'litteraire', 2, ARRAY['6eme','5eme','4eme','3eme','2nde','1ere','tle'], 'a1b2c3d4-e5f6-7890-abcd-ef1234567890'),
('44444444-0001-0001-0001-000000000009', 'Education Physique et Sportive', 'EPS', 'sportif', 2, ARRAY['6eme','5eme','4eme','3eme','2nde','1ere','tle'], 'a1b2c3d4-e5f6-7890-abcd-ef1234567890'),
('44444444-0001-0001-0001-000000000010', 'Arts Plastiques', 'ART', 'artistique', 1, ARRAY['6eme','5eme','4eme','3eme'], 'a1b2c3d4-e5f6-7890-abcd-ef1234567890'),
('44444444-0001-0001-0001-000000000011', 'Musique', 'MUS', 'artistique', 1, ARRAY['6eme','5eme','4eme','3eme'], 'a1b2c3d4-e5f6-7890-abcd-ef1234567890'),
('44444444-0001-0001-0001-000000000012', 'Informatique', 'INFO', 'technique', 2, ARRAY['6eme','5eme','4eme','3eme','2nde','1ere','tle'], 'a1b2c3d4-e5f6-7890-abcd-ef1234567890'),
('44444444-0001-0001-0001-000000000013', 'Education Civique et Morale', 'ECM', 'litteraire', 1, ARRAY['6eme','5eme','4eme','3eme','2nde','1ere','tle'], 'a1b2c3d4-e5f6-7890-abcd-ef1234567890'),
('44444444-0001-0001-0001-000000000014', 'Latin', 'LAT', 'litteraire', 2, ARRAY['4eme','3eme','2nde','1ere','tle'], 'a1b2c3d4-e5f6-7890-abcd-ef1234567890'),
('44444444-0001-0001-0001-000000000015', 'Allemand', 'ALL', 'litteraire', 2, ARRAY['6eme','5eme','4eme','3eme','2nde','1ere','tle'], 'a1b2c3d4-e5f6-7890-abcd-ef1234567890')
ON CONFLICT (code) DO NOTHING;

-- =====================================================
-- 6. AFFECTATION PROFS -> MATIERES
-- =====================================================

INSERT INTO teacher_subjects (teacher_id, subject_id) VALUES
('22222222-0001-0001-0001-000000000001', '44444444-0001-0001-0001-000000000001'), -- Sylvie -> Français
('22222222-0001-0001-0001-000000000002', '44444444-0001-0001-0001-000000000002'), -- André -> Maths
('22222222-0001-0001-0001-000000000003', '44444444-0001-0001-0001-000000000003'), -- Grace -> Anglais
('22222222-0001-0001-0001-000000000004', '44444444-0001-0001-0001-000000000004'), -- Pierre -> SVT
('22222222-0001-0001-0001-000000000005', '44444444-0001-0001-0001-000000000005'), -- Marc -> PC
('22222222-0001-0001-0001-000000000006', '44444444-0001-0001-0001-000000000006'), -- Jeanne -> HG
('22222222-0001-0001-0001-000000000007', '44444444-0001-0001-0001-000000000007'), -- Augustin -> Philo
('22222222-0001-0001-0001-000000000008', '44444444-0001-0001-0001-000000000008'), -- Carmen -> Espagnol
('22222222-0001-0001-0001-000000000009', '44444444-0001-0001-0001-000000000009'), -- Dieudonné -> EPS
('22222222-0001-0001-0001-000000000010', '44444444-0001-0001-0001-000000000010'), -- Lucie -> Arts
('22222222-0001-0001-0001-000000000011', '44444444-0001-0001-0001-000000000011'), -- Patrice -> Musique
('22222222-0001-0001-0001-000000000012', '44444444-0001-0001-0001-000000000012'), -- Stéphane -> Info
('22222222-0001-0001-0001-000000000013', '44444444-0001-0001-0001-000000000013'), -- Thérèse -> ECM
('22222222-0001-0001-0001-000000000014', '44444444-0001-0001-0001-000000000014'), -- Grégoire -> Latin
('22222222-0001-0001-0001-000000000015', '44444444-0001-0001-0001-000000000015')  -- Hans -> Allemand
ON CONFLICT DO NOTHING;

-- =====================================================
-- 7. CLASSES (21 = 7 niveaux x 3 classes)
-- =====================================================

-- COLLEGE: 6ème (3 classes)
INSERT INTO classes (id, establishment_id, name, code, level, section, school_year, capacity, room) VALUES
('55555555-0001-0001-0001-000000000001', 'a1b2c3d4-e5f6-7890-abcd-ef1234567890', '6ème A', '6A', '6eme', 'A', '2025-2026', 35, 'Salle 101'),
('55555555-0001-0001-0001-000000000002', 'a1b2c3d4-e5f6-7890-abcd-ef1234567890', '6ème B', '6B', '6eme', 'B', '2025-2026', 35, 'Salle 102'),
('55555555-0001-0001-0001-000000000003', 'a1b2c3d4-e5f6-7890-abcd-ef1234567890', '6ème C', '6C', '6eme', 'C', '2025-2026', 35, 'Salle 103')
ON CONFLICT DO NOTHING;

-- COLLEGE: 5ème (3 classes)
INSERT INTO classes (id, establishment_id, name, code, level, section, school_year, capacity, room) VALUES
('55555555-0001-0001-0001-000000000004', 'a1b2c3d4-e5f6-7890-abcd-ef1234567890', '5ème A', '5A', '5eme', 'A', '2025-2026', 35, 'Salle 201'),
('55555555-0001-0001-0001-000000000005', 'a1b2c3d4-e5f6-7890-abcd-ef1234567890', '5ème B', '5B', '5eme', 'B', '2025-2026', 35, 'Salle 202'),
('55555555-0001-0001-0001-000000000006', 'a1b2c3d4-e5f6-7890-abcd-ef1234567890', '5ème C', '5C', '5eme', 'C', '2025-2026', 35, 'Salle 203')
ON CONFLICT DO NOTHING;

-- COLLEGE: 4ème (3 classes)
INSERT INTO classes (id, establishment_id, name, code, level, section, school_year, capacity, room) VALUES
('55555555-0001-0001-0001-000000000007', 'a1b2c3d4-e5f6-7890-abcd-ef1234567890', '4ème A', '4A', '4eme', 'A', '2025-2026', 35, 'Salle 301'),
('55555555-0001-0001-0001-000000000008', 'a1b2c3d4-e5f6-7890-abcd-ef1234567890', '4ème B', '4B', '4eme', 'B', '2025-2026', 35, 'Salle 302'),
('55555555-0001-0001-0001-000000000009', 'a1b2c3d4-e5f6-7890-abcd-ef1234567890', '4ème C', '4C', '4eme', 'C', '2025-2026', 35, 'Salle 303')
ON CONFLICT DO NOTHING;

-- COLLEGE: 3ème (3 classes)
INSERT INTO classes (id, establishment_id, name, code, level, section, school_year, capacity, room) VALUES
('55555555-0001-0001-0001-000000000010', 'a1b2c3d4-e5f6-7890-abcd-ef1234567890', '3ème A', '3A', '3eme', 'A', '2025-2026', 35, 'Salle 401'),
('55555555-0001-0001-0001-000000000011', 'a1b2c3d4-e5f6-7890-abcd-ef1234567890', '3ème B', '3B', '3eme', 'B', '2025-2026', 35, 'Salle 402'),
('55555555-0001-0001-0001-000000000012', 'a1b2c3d4-e5f6-7890-abcd-ef1234567890', '3ème C', '3C', '3eme', 'C', '2025-2026', 35, 'Salle 403')
ON CONFLICT DO NOTHING;

-- LYCEE: 2nde (3 classes)
INSERT INTO classes (id, establishment_id, name, code, level, section, school_year, capacity, room) VALUES
('55555555-0001-0001-0001-000000000013', 'a1b2c3d4-e5f6-7890-abcd-ef1234567890', '2nde A', '2A', '2nde', 'A', '2025-2026', 35, 'Salle 501'),
('55555555-0001-0001-0001-000000000014', 'a1b2c3d4-e5f6-7890-abcd-ef1234567890', '2nde B', '2B', '2nde', 'B', '2025-2026', 35, 'Salle 502'),
('55555555-0001-0001-0001-000000000015', 'a1b2c3d4-e5f6-7890-abcd-ef1234567890', '2nde C', '2C', '2nde', 'C', '2025-2026', 35, 'Salle 503')
ON CONFLICT DO NOTHING;

-- LYCEE: 1ère (3 classes)
INSERT INTO classes (id, establishment_id, name, code, level, section, school_year, capacity, room) VALUES
('55555555-0001-0001-0001-000000000016', 'a1b2c3d4-e5f6-7890-abcd-ef1234567890', '1ère A', '1A', '1ere', 'A', '2025-2026', 35, 'Salle 601'),
('55555555-0001-0001-0001-000000000017', 'a1b2c3d4-e5f6-7890-abcd-ef1234567890', '1ère B', '1B', '1ere', 'B', '2025-2026', 35, 'Salle 602'),
('55555555-0001-0001-0001-000000000018', 'a1b2c3d4-e5f6-7890-abcd-ef1234567890', '1ère C', '1C', '1ere', 'C', '2025-2026', 35, 'Salle 603')
ON CONFLICT DO NOTHING;

-- LYCEE: Terminale (3 classes)
INSERT INTO classes (id, establishment_id, name, code, level, section, school_year, capacity, room) VALUES
('55555555-0001-0001-0001-000000000019', 'a1b2c3d4-e5f6-7890-abcd-ef1234567890', 'Tle A', 'TA', 'tle', 'A', '2025-2026', 35, 'Salle 701'),
('55555555-0001-0001-0001-000000000020', 'a1b2c3d4-e5f6-7890-abcd-ef1234567890', 'Tle B', 'TB', 'tle', 'B', '2025-2026', 35, 'Salle 702'),
('55555555-0001-0001-0001-000000000021', 'a1b2c3d4-e5f6-7890-abcd-ef1234567890', 'Tle C', 'TC', 'tle', 'C', '2025-2026', 35, 'Salle 703')
ON CONFLICT DO NOTHING;

-- =====================================================
-- 8. PROFESSEURS PRINCIPAUX (1 par classe = 21)
-- On assigne les profs de manière cyclique
-- =====================================================

INSERT INTO class_teachers (teacher_id, class_id, is_main_teacher) VALUES
-- 6ème
('22222222-0001-0001-0001-000000000001', '55555555-0001-0001-0001-000000000001', true), -- Sylvie PP 6A
('22222222-0001-0001-0001-000000000002', '55555555-0001-0001-0001-000000000002', true), -- André PP 6B
('22222222-0001-0001-0001-000000000003', '55555555-0001-0001-0001-000000000003', true), -- Grace PP 6C
-- 5ème
('22222222-0001-0001-0001-000000000004', '55555555-0001-0001-0001-000000000004', true), -- Pierre PP 5A
('22222222-0001-0001-0001-000000000005', '55555555-0001-0001-0001-000000000005', true), -- Marc PP 5B
('22222222-0001-0001-0001-000000000006', '55555555-0001-0001-0001-000000000006', true), -- Jeanne PP 5C
-- 4ème
('22222222-0001-0001-0001-000000000007', '55555555-0001-0001-0001-000000000007', true), -- Augustin PP 4A
('22222222-0001-0001-0001-000000000008', '55555555-0001-0001-0001-000000000008', true), -- Carmen PP 4B
('22222222-0001-0001-0001-000000000009', '55555555-0001-0001-0001-000000000009', true), -- Dieudonné PP 4C
-- 3ème
('22222222-0001-0001-0001-000000000010', '55555555-0001-0001-0001-000000000010', true), -- Lucie PP 3A
('22222222-0001-0001-0001-000000000011', '55555555-0001-0001-0001-000000000011', true), -- Patrice PP 3B
('22222222-0001-0001-0001-000000000012', '55555555-0001-0001-0001-000000000012', true), -- Stéphane PP 3C
-- 2nde
('22222222-0001-0001-0001-000000000013', '55555555-0001-0001-0001-000000000013', true), -- Thérèse PP 2A
('22222222-0001-0001-0001-000000000014', '55555555-0001-0001-0001-000000000014', true), -- Grégoire PP 2B
('22222222-0001-0001-0001-000000000015', '55555555-0001-0001-0001-000000000015', true), -- Hans PP 2C
-- 1ère
('22222222-0001-0001-0001-000000000001', '55555555-0001-0001-0001-000000000016', true), -- Sylvie PP 1A
('22222222-0001-0001-0001-000000000002', '55555555-0001-0001-0001-000000000017', true), -- André PP 1B
('22222222-0001-0001-0001-000000000003', '55555555-0001-0001-0001-000000000018', true), -- Grace PP 1C
-- Tle
('22222222-0001-0001-0001-000000000007', '55555555-0001-0001-0001-000000000019', true), -- Augustin PP TleA
('22222222-0001-0001-0001-000000000005', '55555555-0001-0001-0001-000000000020', true), -- Marc PP TleB
('22222222-0001-0001-0001-000000000006', '55555555-0001-0001-0001-000000000021', true)  -- Jeanne PP TleC
ON CONFLICT DO NOTHING;

-- Vérification
SELECT 'Subjects: ' || COUNT(*) FROM subjects;
SELECT 'Classes: ' || COUNT(*) FROM classes;
